Game,Release_Year,Genre_Category,research_category,diversity_subcategory,uses_drse,num_drse,Quartz,Opal,Amethyst,Citrine,Jasper,Emerald,Aquamarine,Diamond,Ruby,Sapphire,Pearl,Topaz,Garnet,Sunstone,Jade,Obsidian,Unique_Minerals_Gems,num_standard_gems,unique_mineral_count,total_mineral_diversity,has_real_minerals,real_mineral_count,diversity_category,cluster,PC1,PC2
7 Days to Die,2013.0,Survival,D/R/S/E Cultural Default,,True,1,0,0,0,0,0,0,0,1,0,0,0,0,0,0,0,0,"Iron, Lead, Coal, Nitrate, Oil Shale, Silver, Gold, Raw Diamond",1,8,9,1,9,Medium,0,-1.7374878093260793,0.5779032041551542
Age of Empires,,strategy_4x_rts,Fictional/Low Diversity,Low diversity real minerals,False,0,0,0,0,0,0,0,0,0,0,0,0,0,0,0,0,0,"Gold, Stone, Iron",0,3,3,1,3,Low,-1,,
Age of Empires II,,strategy_4x_rts,Fictional/Low Diversity,Fictional minerals only,False,0,0,0,0,0,0,0,0,0,0,0,0,0,0,0,0,0,"Gold, Stone",0,2,2,0,2,Low,-1,,
Age of Empires III,,strategy_4x_rts,D/R/S/E Cultural Default,,True,1,0,0,0,0,0,0,0,1,0,0,0,0,0,0,0,0,"Coal, Copper, Salt, Silver, Tin, Diamond",1,6,7,1,7,Medium,-1,,
Age of Empires IV,,strategy_4x_rts,Fictional/Low Diversity,Low diversity real minerals,False,0,0,0,0,0,0,0,0,0,0,0,0,0,0,0,0,0,"Gold, Stone, Iron",0,3,3,1,3,Low,-1,,
Aground,,mining_survival,D/R/S/E Cultural Default,,True,1,0,0,0,0,0,0,0,1,0,0,0,0,0,0,0,0,"Coal, Iron, Gold, Titanium, Uranium, Quartz, Silicon",1,7,8,1,0,Medium,-1,,
Albion Online,,mmo_mmorpg,True Mineralogical Diversity,,False,0,0,0,0,0,1,0,0,0,0,0,0,0,0,0,0,1,"Limestone, Granite, Basalt, Copper, Iron, Runite",2,6,8,1,8,Medium,-1,,
Atelier Ayesha,,atelier,D/R/S/E Cultural Default,,True,4,1,0,1,0,0,1,0,1,1,1,0,0,0,0,0,0,Standard Atelier crystal set,6,1,7,1,7,Medium,-1,,
Atelier Elie,,atelier,D/R/S/E Cultural Default,,True,4,1,0,1,0,0,1,0,1,1,1,0,0,0,0,0,0,Standard Atelier crystal set,6,1,7,1,7,Medium,-1,,
Atelier Escha & Logy,,atelier,D/R/S/E Cultural Default,,True,4,1,0,1,0,0,1,0,1,1,1,0,0,0,0,0,0,Standard Atelier crystal set,6,1,7,1,7,Medium,-1,,
Atelier Firis,,atelier,D/R/S/E Cultural Default,,True,4,1,0,1,0,0,1,0,1,1,1,0,0,0,0,0,0,Standard Atelier crystal set,6,1,7,1,7,Medium,-1,,
Atelier Iris 2: The Azoth of Destiny,,atelier,D/R/S/E Cultural Default,,True,4,1,0,1,0,0,1,0,1,1,1,0,0,0,0,0,0,Standard Atelier crystal set,6,1,7,1,7,Medium,-1,,
Atelier Iris 3: Grand Phantasm,,atelier,D/R/S/E Cultural Default,,True,4,1,0,1,0,0,1,0,1,1,1,0,0,0,0,0,0,Standard Atelier crystal set,6,1,7,1,7,Medium,-1,,
Atelier Iris: Eternal Mana,,atelier,D/R/S/E Cultural Default,,True,4,1,0,1,0,0,1,0,1,1,1,0,0,0,0,0,0,Standard Atelier crystal set,6,1,7,1,7,Medium,-1,,
Atelier Judie,,atelier,D/R/S/E Cultural Default,,True,4,1,0,1,0,0,1,0,1,1,1,0,0,0,0,0,0,Standard Atelier crystal set,6,1,7,1,7,Medium,-1,,
Atelier Lilie,,atelier,D/R/S/E Cultural Default,,True,4,1,0,1,0,0,1,0,1,1,1,0,0,0,0,0,0,Standard Atelier crystal set,6,1,7,1,7,Medium,-1,,
Atelier Lulua,,atelier,D/R/S/E Cultural Default,,True,4,1,0,1,0,0,1,0,1,1,1,0,0,0,0,0,0,Standard Atelier crystal set,6,1,7,1,7,Medium,-1,,
Atelier Lydie & Suelle,,atelier,D/R/S/E Cultural Default,,True,4,1,0,1,0,0,1,0,1,1,1,0,0,0,0,0,0,Standard Atelier crystal set,6,1,7,1,7,Medium,-1,,
Atelier Marie,,atelier,D/R/S/E Cultural Default,,True,4,1,0,1,0,0,1,0,1,1,1,0,0,0,0,0,0,Standard Atelier crystal set,6,1,7,1,7,Medium,-1,,
Atelier Meruru,,atelier,D/R/S/E Cultural Default,,True,4,1,0,1,0,0,1,0,1,1,1,0,0,0,0,0,0,Standard Atelier crystal set,6,1,7,1,7,Medium,-1,,
Atelier Resleriana,,atelier,D/R/S/E Cultural Default,,True,4,1,0,1,0,0,1,0,1,1,1,0,0,0,0,0,0,Standard Atelier crystal set,6,1,7,1,7,Medium,-1,,
Atelier Rorona,,atelier,D/R/S/E Cultural Default,,True,4,1,0,1,0,0,1,0,1,1,1,0,0,0,0,0,0,Standard Atelier crystal set,6,1,7,1,7,Medium,-1,,
Atelier Ryza,,atelier,D/R/S/E Cultural Default,,True,4,1,0,1,0,0,1,0,1,1,1,0,0,0,0,0,0,Standard Atelier crystal set,6,1,7,1,7,Medium,-1,,
Atelier Ryza 2,,atelier,D/R/S/E Cultural Default,,True,4,1,0,1,0,0,1,0,1,1,1,0,0,0,0,0,0,Standard Atelier crystal set,6,1,7,1,7,Medium,-1,,
Atelier Ryza 3,,atelier,D/R/S/E Cultural Default,,True,4,1,0,1,0,0,1,0,1,1,1,0,0,0,0,0,0,Standard Atelier crystal set,6,1,7,1,7,Medium,-1,,
Atelier Shallie,,atelier,D/R/S/E Cultural Default,,True,4,1,0,1,0,0,1,0,1,1,1,0,0,0,0,0,0,Standard Atelier crystal set,6,1,7,1,7,Medium,-1,,
Atelier Sophie,,atelier,D/R/S/E Cultural Default,,True,4,1,0,1,0,0,1,0,1,1,1,0,0,0,0,0,0,Standard Atelier crystal set,6,1,7,1,7,Medium,-1,,
Atelier Sophie 2,,atelier,D/R/S/E Cultural Default,,True,4,1,0,1,0,0,1,0,1,1,1,0,0,0,0,0,0,Standard Atelier crystal set,6,1,7,1,7,Medium,-1,,
Atelier Totori,,atelier,D/R/S/E Cultural Default,,True,4,1,0,1,0,0,1,0,1,1,1,0,0,0,0,0,0,Standard Atelier crystal set,6,1,7,1,7,Medium,-1,,
Atelier Viorate,,atelier,D/R/S/E Cultural Default,,True,4,1,0,1,0,0,1,0,1,1,1,0,0,0,0,0,0,Standard Atelier crystal set,6,1,7,1,7,Medium,-1,,
Atelier Yumia,,atelier,D/R/S/E Cultural Default,,True,4,1,0,1,0,0,1,0,1,1,1,0,0,0,0,0,0,Standard Atelier crystal set,6,1,7,1,7,Medium,-1,,
Battle Chasers: Nightwar,,phase1_rpg_crafting,Fictional/Low Diversity,Low diversity real minerals,False,0,0,0,0,0,0,0,0,0,0,0,0,0,0,0,0,0,"Iron, Copper, Gold, Stones",0,4,4,1,0,Low,-1,,
Before Crisis: Final Fantasy VII,,final_fantasy,Fictional/Low Diversity,Low diversity real minerals,False,0,0,0,0,0,0,0,0,0,0,0,0,0,0,0,0,0,"Materia, Mythril, Adamantite",0,3,3,1,0,Low,-1,,
Blue Prince,,roguelikes,Fictional/Low Diversity,Low diversity real minerals,False,0,0,0,0,0,0,0,0,0,0,0,0,0,0,0,0,0,"Gold, Gems, Iron, Stone",0,4,4,1,0,Low,-1,,
Borderlands,,borderlands_looter_shooters,Fictional/Low Diversity,Low diversity real minerals,False,0,0,0,0,0,0,0,0,0,0,0,0,0,0,0,0,0,Eridium,0,1,1,1,0,Low,-1,,
Borderlands 2,2012.0,Looter Shooter,Fictional/Low Diversity,Low diversity real minerals,False,0,0,0,0,0,0,0,0,0,0,0,0,0,0,0,0,0,"Eridium, moonstone, seraph crystals",0,3,3,1,3,Low,0,-1.9028451191647289,0.3057950711887095
Borderlands 3,2019.0,Looter Shooter,Fictional/Low Diversity,Low diversity real minerals,False,0,0,0,0,0,0,0,0,0,0,0,0,0,0,0,0,0,Eridium,0,1,1,1,1,Low,0,-1.911959132479884,0.2369106987037934
Borderlands: The Pre-Sequel,,borderlands_looter_shooters,Fictional/Low Diversity,Low diversity real minerals,False,0,0,0,0,0,0,0,0,0,0,0,0,0,0,0,0,0,"Eridium, Moonstone",0,2,2,1,0,Low,-1,,
Bravely Default,2012.0,JRPG,D/R/S/E Cultural Default,,True,4,0,0,1,0,0,1,0,1,1,1,1,1,0,0,0,0,"Crystals (elemental), gems for augmentation",7,2,9,1,9,Medium,1,2.872942427579333,-2.594935801923393
Cadence of Hyrule,,zelda,Fictional/Low Diversity,Low diversity real minerals,False,0,0,0,0,0,0,0,0,0,0,0,0,0,0,0,0,0,"Ore, Amber, Rupees",0,3,3,1,0,Low,-1,,
Chronicon,,loot_arpg,D/R/S/E Cultural Default,,True,4,0,0,1,0,0,1,0,1,1,1,0,1,0,0,0,0,Standard ARPG gem set,6,1,7,1,7,Medium,-1,,
Civilization,,strategy_4x_rts,Fictional/Low Diversity,Low diversity real minerals,False,0,0,0,0,0,0,0,0,0,0,0,0,0,0,0,0,0,"Gold, Stone, Iron",0,3,3,1,3,Low,-1,,
Civilization II,,strategy_4x_rts,Fictional/Low Diversity,Low diversity real minerals,False,0,0,0,0,0,0,0,0,0,0,0,0,0,0,0,0,0,"Gold, Stone, Iron",0,3,3,1,3,Low,-1,,
Civilization III,,strategy_4x_rts,Fictional/Low Diversity,Low diversity real minerals,False,0,0,0,0,0,0,0,0,0,0,0,0,0,0,0,0,0,"Gold, Stone, Iron",0,3,3,1,3,Low,-1,,
Civilization IV,,strategy_4x_rts,True Mineralogical Diversity,,False,0,0,0,0,0,0,0,0,0,0,0,0,0,0,0,0,0,"Iron, Coal, Aluminum, Uranium, Copper, Gold, Silver, Gems, Marble, Stone",0,10,10,1,10,High,-1,,
Civilization V,,strategy_4x_rts,True Mineralogical Diversity,,False,0,0,0,0,0,0,0,0,0,0,0,1,0,0,0,0,0,"Iron, Coal, Aluminum, Uranium, Copper, Gold, Silver, Salt, Gems, Marble",1,10,11,1,11,High,-1,,
Civilization VI,,strategy_4x_rts,D/R/S/E Cultural Default,,True,1,0,0,0,0,0,0,0,1,0,0,0,0,0,0,1,0,"Iron, Coal, Aluminum, Uranium, Copper, Salt, Niter, Gypsum, Mercury, Silver",2,10,12,1,12,High,-1,,
Civilization VII,,strategy_4x_rts,Fictional/Low Diversity,Low diversity real minerals,False,0,0,0,0,0,0,0,0,0,0,0,0,0,0,0,0,0,"Gold, Stone, Iron",0,3,3,1,3,Low,-1,,
Colony Survival,,mining_survival,Fictional/Low Diversity,Low diversity real minerals,False,0,0,0,0,0,0,0,0,0,0,0,0,0,0,0,0,0,"Coal, Iron, Gold, Tin, Lead, Copper",0,6,6,1,0,Medium,-1,,
Command & Conquer,,strategy_4x_rts,Fictional/Low Diversity,Fictional minerals only,False,0,0,0,0,0,0,0,0,0,0,0,0,0,0,0,0,0,Tiberium,0,1,1,0,1,Low,-1,,
Command & Conquer: Red Alert,,strategy_4x_rts,Fictional/Low Diversity,Fictional minerals only,False,0,0,0,0,0,0,0,0,0,0,0,0,0,0,0,0,0,"Ore, Gems",0,2,2,0,2,Low,-1,,
Core Keeper,2022.0,Survival Crafting,D/R/S/E Cultural Default,,True,2,1,1,1,0,0,1,0,0,1,0,0,1,0,0,1,0,"Copper, Tin, Iron, Gold, Scarlet, Octarine, Galaxite, Solarite, Ancient Gemstone, Amber",7,10,17,1,17,High,1,1.454308223729842,-1.4884136179200742
Cosmic Star Heroine,,phase1_rpg_crafting,Fictional/Low Diversity,Low diversity real minerals,False,0,0,0,0,0,0,0,0,0,0,0,0,0,0,0,0,0,"Iron, Copper, Gold, Stones",0,4,4,1,0,Low,-1,,
Cozy Grove,,mining_survival,Fictional/Low Diversity,Low diversity real minerals,False,0,1,0,0,0,0,0,0,0,0,0,0,0,0,0,0,0,"Iron Ore, Silver Ore, Gold Ore",1,3,4,1,0,Low,-1,,
Crisis Core: Final Fantasy VII,,final_fantasy,Fictional/Low Diversity,Low diversity real minerals,False,0,0,0,0,0,0,0,0,0,0,0,0,0,0,0,0,0,"Materia, Mythril, Adamantite",0,3,3,1,0,Low,-1,,
Crusader Kings III,,strategy_4x_rts,Fictional/Low Diversity,Low diversity real minerals,False,0,0,0,0,0,0,0,0,0,0,0,0,0,0,0,0,0,"Gold, Stone, Iron",0,3,3,1,3,Low,-1,,
Crypt of the NecroDancer,,roguelikes,Fictional/Low Diversity,Low diversity real minerals,False,0,0,0,0,0,0,0,0,0,0,0,0,0,0,0,0,0,"Gold, Gems, Iron, Stone",0,4,4,1,0,Low,-1,,
Crystal Project,,phase1_rpg_crafting,Fictional/Low Diversity,Low diversity real minerals,False,0,0,0,0,0,0,0,0,0,0,0,0,0,0,0,0,0,"Iron, Copper, Gold, Stones",0,4,4,1,0,Low,-1,,
Cult of the Lamb,,roguelikes,Fictional/Low Diversity,Low diversity real minerals,False,0,0,0,0,0,0,0,0,0,0,0,0,0,0,0,0,0,"Gold, Gems, Iron, Stone",0,4,4,1,0,Low,-1,,
Cyberpunk 2077,,phase1_rpg_crafting,Fictional/Low Diversity,Low diversity real minerals,False,0,0,0,0,0,0,0,0,0,0,0,0,0,0,0,0,0,Component Tiers (Item-based),0,1,1,1,0,Low,-1,,
Dandy Ace,,roguelikes,Fictional/Low Diversity,Low diversity real minerals,False,0,0,0,0,0,0,0,0,0,0,0,0,0,0,0,0,0,"Gold, Gems, Iron, Stone",0,4,4,1,0,Low,-1,,
Darkest Dungeon,,roguelikes,Fictional/Low Diversity,Low diversity real minerals,False,0,0,0,0,0,0,0,0,0,0,0,0,0,0,0,0,0,"Gold, Gems, Iron, Stone",0,4,4,1,0,Low,-1,,
Dead Cells,,roguelikes,Fictional/Low Diversity,Low diversity real minerals,False,0,0,0,0,0,0,0,0,0,0,0,0,0,0,0,0,0,"Gold, Gems, Iron, Stone",0,4,4,1,0,Low,-1,,
Deep Rock Galactic,2020.0,Co-op FPS,D/R/S/E Cultural Default,,True,1,0,0,0,0,0,0,0,0,0,1,1,1,0,0,1,0,"Bismor, Croppa, Enor Pearl, Jadiz, Magnite, Umanite, Ligmite, Morkite, Nitra, Gold, Red Sugar, Bittergem",4,12,16,1,16,High,0,0.3381534696499485,1.2117512468261975
Deepworld,,mmo_mmorpg,Fictional/Low Diversity,Low diversity real minerals,False,0,0,0,0,0,0,0,0,0,0,0,0,0,0,0,0,0,"Iron, Copper, Gold, Stones",0,4,4,1,0,Low,-1,,
Destiny,,borderlands_looter_shooters,True Mineralogical Diversity,,False,0,0,0,0,0,0,0,0,0,0,0,0,0,0,0,0,0,"Spinmetal, Helium Filaments, Spirit Bloom, Relic Iron, Baryon Bough, Dusklight Shard, Datalattice",0,7,7,1,0,Medium,-1,,
Destiny 2,2017.0,Looter Shooter,Fictional/Low Diversity,Fictional minerals only,False,0,0,0,0,0,0,0,0,0,0,0,0,0,0,0,0,0,"Glimmer, legendary shards, enhancement prisms, ascendant shards, bright dust",0,5,5,0,5,Medium,0,-1.923156962491241,0.3478115660743034
Diablo,1996.0,Action RPG,D/R/S/E Cultural Default,,True,2,0,1,1,0,1,0,1,1,1,0,1,0,0,0,0,0,Skull gems (enchanted),7,1,8,1,8,Medium,2,3.797553333014516,2.591934978002711
Diablo II,2000.0,Action RPG,D/R/S/E Cultural Default,,True,4,1,0,1,0,0,1,1,1,1,1,0,1,0,0,0,0,"Skull, perfect gems",8,2,10,1,10,Medium,1,3.8014404579620167,-1.7718278863804464
Diablo II: Resurrected,,loot_arpg,D/R/S/E Cultural Default,,True,4,0,0,1,0,0,1,0,1,1,1,0,1,0,0,0,0,Standard ARPG gem set,6,1,7,1,7,Medium,-1,,
Diablo III,2012.0,Action RPG,D/R/S/E Cultural Default,,True,4,1,0,1,0,0,1,0,1,1,1,0,1,0,0,0,0,"Marquise, Imperial, Flawless Imperial gems",7,3,10,1,10,Medium,1,2.8449100296999803,-2.6817991681972844
Diablo IV,,loot_arpg,D/R/S/E Cultural Default,,True,4,0,0,1,0,0,1,0,1,1,1,0,1,0,0,0,0,Standard ARPG gem set,6,1,7,1,7,Medium,-1,,
Dirge of Cerberus: Final Fantasy VII,,final_fantasy,Fictional/Low Diversity,Low diversity real minerals,False,0,0,0,0,0,0,0,0,0,0,0,0,0,0,0,0,0,"Materia, Mythril, Adamantite",0,3,3,1,0,Low,-1,,
Dragon Age: Inquisition,,phase1_rpg_crafting,True Mineralogical Diversity,,False,0,1,0,0,0,0,0,0,0,0,0,0,0,0,0,0,1,"Iron, Dawnstone, Bloodstone, Lazurite, Silverite, Everite, Stormheart",2,7,9,1,0,Medium,-1,,
Dragon Quest,,dragon_quest,D/R/S/E Cultural Default,,True,4,0,0,0,0,0,1,0,1,1,1,0,0,0,0,1,0,"Iron Ore, Silver Ore, Gold Ore, Glass Frit, Lucent Weaver, Platinum Ore, Mythril Ore",5,7,12,1,0,High,-1,,
Dragon Quest II,,dragon_quest,D/R/S/E Cultural Default,,True,4,0,0,0,0,0,1,0,1,1,1,0,0,0,0,1,0,"Iron Ore, Silver Ore, Gold Ore, Glass Frit, Lucent Weaver, Platinum Ore, Mythril Ore",5,7,12,1,0,High,-1,,
Dragon Quest III,,dragon_quest,D/R/S/E Cultural Default,,True,4,0,0,0,0,0,1,0,1,1,1,0,0,0,0,1,0,"Iron Ore, Silver Ore, Gold Ore, Glass Frit, Lucent Weaver, Platinum Ore, Mythril Ore",5,7,12,1,0,High,-1,,
Dragon Quest IV,,dragon_quest,D/R/S/E Cultural Default,,True,4,0,0,0,0,0,1,0,1,1,1,0,0,0,0,1,0,"Iron Ore, Silver Ore, Gold Ore, Glass Frit, Lucent Weaver, Platinum Ore, Mythril Ore",5,7,12,1,0,High,-1,,
Dragon Quest IX,,dragon_quest,D/R/S/E Cultural Default,,True,4,0,0,0,0,0,1,0,1,1,1,0,0,0,0,1,0,"Iron Ore, Silver Ore, Gold Ore, Glass Frit, Lucent Weaver, Platinum Ore, Mythril Ore",5,7,12,1,0,High,-1,,
Dragon Quest Treasures,,dragon_quest,D/R/S/E Cultural Default,,True,4,0,0,0,0,0,1,0,1,1,1,0,0,0,0,1,0,"Iron Ore, Silver Ore, Gold Ore, Glass Frit, Lucent Weaver, Platinum Ore, Mythril Ore",5,7,12,1,0,High,-1,,
Dragon Quest V,,dragon_quest,D/R/S/E Cultural Default,,True,4,0,0,0,0,0,1,0,1,1,1,0,0,0,0,1,0,"Iron Ore, Silver Ore, Gold Ore, Glass Frit, Lucent Weaver, Platinum Ore, Mythril Ore",5,7,12,1,0,High,-1,,
Dragon Quest VI,,dragon_quest,D/R/S/E Cultural Default,,True,4,0,0,0,0,0,1,0,1,1,1,0,0,0,0,1,0,"Iron Ore, Silver Ore, Gold Ore, Glass Frit, Lucent Weaver, Platinum Ore, Mythril Ore",5,7,12,1,0,High,-1,,
Dragon Quest VII,,dragon_quest,D/R/S/E Cultural Default,,True,4,0,0,0,0,0,1,0,1,1,1,0,0,0,0,1,0,"Iron Ore, Silver Ore, Gold Ore, Glass Frit, Lucent Weaver, Platinum Ore, Mythril Ore",5,7,12,1,0,High,-1,,
Dragon Quest VIII,,dragon_quest,D/R/S/E Cultural Default,,True,4,0,0,0,0,0,1,0,1,1,1,0,0,0,0,1,0,"Iron Ore, Silver Ore, Gold Ore, Glass Frit, Lucent Weaver, Platinum Ore, Mythril Ore",5,7,12,1,0,High,-1,,
Dragon Quest X,,dragon_quest,D/R/S/E Cultural Default,,True,4,0,0,0,0,0,1,0,1,1,1,0,0,0,0,1,0,"Iron Ore, Silver Ore, Gold Ore, Glass Frit, Lucent Weaver, Platinum Ore, Mythril Ore",5,7,12,1,0,High,-1,,
Dragon Quest XI,2017.0,JRPG,D/R/S/E Cultural Default,,True,4,1,0,1,0,0,1,1,1,1,1,1,1,0,0,0,0,"Orichalcum, slime crown, gold ore, silver ore, platinum ore, densinium, saint's ashes",9,7,16,1,16,High,1,4.338580062994906,-1.5479131076205546
Dragon Quest: The Adventure of Dai: A Hero's Bonds,,dragon_quest,D/R/S/E Cultural Default,,True,4,0,0,0,0,0,1,0,1,1,1,0,0,0,0,1,0,"Iron Ore, Silver Ore, Gold Ore, Glass Frit, Lucent Weaver, Platinum Ore, Mythril Ore",5,7,12,1,0,High,-1,,
Driftland,,strategy_4x_rts,Fictional/Low Diversity,Low diversity real minerals,False,0,0,0,0,0,0,0,0,0,0,0,0,0,0,0,0,0,"Gold, Stone, Iron",0,3,3,1,3,Low,-1,,
Dune: Spice Wars,,strategy_4x_rts,Fictional/Low Diversity,Fictional minerals only,False,0,0,0,0,0,0,0,0,0,0,0,0,0,0,0,0,0,"Spice Melange, Plascrete, Solari",0,3,3,0,3,Low,-1,,
EVE Online,2003.0,MMORPG,Fictional/Low Diversity,Fictional minerals only,False,0,0,0,0,0,0,0,0,0,0,0,0,0,0,0,0,0,"Tritanium, Pyerite, Mexallon, Isogen, Nocxium, Zydrine, Megacyte, Morphite",0,8,8,0,8,Medium,0,-1.8775868959154645,0.6922334284988847
Elder Scrolls Online,,mmo_mmorpg,D/R/S/E Cultural Default,,True,4,1,0,1,0,0,1,0,1,1,1,0,0,1,0,0,0,"Iron, High Iron, Orichalcum, Dwarven, Adamantite, Rubedite, Turquoise, Bloodstone",7,8,15,1,0,High,-1,,
Endless Legend,,strategy_4x_rts,Fictional/Low Diversity,Fictional minerals only,False,0,0,0,0,0,0,0,0,0,0,0,0,0,0,0,0,0,"Titanium, Glassteel, Adamantian, Palladian, Mithrite, Hyperium, Dust",0,7,7,0,7,Medium,-1,,
Endless Legend 2,,strategy_4x_rts,Fictional/Low Diversity,Low diversity real minerals,False,0,0,0,0,0,0,0,0,0,0,0,0,0,0,0,0,0,"Gold, Stone, Iron",0,3,3,1,3,Low,-1,,
Endless Space,,strategy_4x_rts,Fictional/Low Diversity,Low diversity real minerals,False,0,0,0,0,0,0,0,0,0,0,0,0,0,0,0,0,0,"Gold, Stone, Iron",0,3,3,1,3,Low,-1,,
Endless Space 2,,strategy_4x_rts,Fictional/Low Diversity,Fictional minerals only,False,0,0,0,0,0,0,0,0,0,0,0,0,0,0,0,0,0,"Titanium, Hyperium, Adamantian, Anti-Matter, Essence, Quadrinid, Orichalcix",0,7,7,0,7,Medium,-1,,
Enter the Gungeon,,roguelikes,Fictional/Low Diversity,Low diversity real minerals,False,0,0,0,0,0,0,0,0,0,0,0,0,0,0,0,0,0,"Gold, Gems, Iron, Stone",0,4,4,1,0,Low,-1,,
Etrian Odyssey series,,phase1_rpg_crafting,Fictional/Low Diversity,Low diversity real minerals,False,0,0,0,0,0,0,0,0,0,0,0,0,0,0,0,0,0,"Iron, Copper, Gold, Stones",0,4,4,1,0,Low,-1,,
Europa Universalis IV,,strategy_4x_rts,Fictional/Low Diversity,Low diversity real minerals,False,0,0,0,0,0,0,0,0,0,0,0,0,0,0,0,0,0,"Gold, Stone, Iron",0,3,3,1,3,Low,-1,,
FTL: Faster Than Light,,roguelikes,Fictional/Low Diversity,Low diversity real minerals,False,0,0,0,0,0,0,0,0,0,0,0,0,0,0,0,0,0,"Gold, Gems, Iron, Stone",0,4,4,1,0,Low,-1,,
Fae Tactics,,phase1_rpg_crafting,Fictional/Low Diversity,Low diversity real minerals,False,0,0,0,0,0,0,0,0,0,0,0,0,0,0,0,0,0,"Iron, Copper, Gold, Stones",0,4,4,1,0,Low,-1,,
Fantasian: Neo Dimension,,phase1_rpg_crafting,Fictional/Low Diversity,Low diversity real minerals,False,0,0,0,0,0,0,0,0,0,0,0,0,0,0,0,0,0,"Iron, Copper, Gold, Stones",0,4,4,1,0,Low,-1,,
Fell Seal: Arbiter's Mark,,phase1_rpg_crafting,Fictional/Low Diversity,Low diversity real minerals,False,0,0,0,0,0,0,0,0,0,0,0,0,0,0,0,0,0,"Iron, Copper, Gold, Stones",0,4,4,1,0,Low,-1,,
Final Fantasy Crystal Chronicles,,final_fantasy,Fictional/Low Diversity,Low diversity real minerals,False,0,0,0,0,0,0,0,0,0,0,0,0,0,0,0,0,0,"Fire Crystal, Water Crystal, Earth Crystal, Wind Crystal, Mythril",0,5,5,1,0,Medium,-1,,
Final Fantasy Crystal Chronicles: Echoes of Time,,final_fantasy,Fictional/Low Diversity,Low diversity real minerals,False,0,0,0,0,0,0,0,0,0,0,0,0,0,0,0,0,0,"Fire Crystal, Water Crystal, Earth Crystal, Wind Crystal, Mythril",0,5,5,1,0,Medium,-1,,
Final Fantasy Crystal Chronicles: My Life as a Darklord,,final_fantasy,Fictional/Low Diversity,Low diversity real minerals,False,0,0,0,0,0,0,0,0,0,0,0,0,0,0,0,0,0,"Fire Crystal, Water Crystal, Earth Crystal, Wind Crystal, Mythril",0,5,5,1,0,Medium,-1,,
Final Fantasy Crystal Chronicles: My Life as a King,,final_fantasy,Fictional/Low Diversity,Low diversity real minerals,False,0,0,0,0,0,0,0,0,0,0,0,0,0,0,0,0,0,"Fire Crystal, Water Crystal, Earth Crystal, Wind Crystal, Mythril",0,5,5,1,0,Medium,-1,,
Final Fantasy Crystal Chronicles: Ring of Fates,,final_fantasy,Fictional/Low Diversity,Low diversity real minerals,False,0,0,0,0,0,0,0,0,0,0,0,0,0,0,0,0,0,"Fire Crystal, Water Crystal, Earth Crystal, Wind Crystal, Mythril",0,5,5,1,0,Medium,-1,,
Final Fantasy Crystal Chronicles: The Crystal Bearers,,final_fantasy,Fictional/Low Diversity,Low diversity real minerals,False,0,0,0,0,0,0,0,0,0,0,0,0,0,0,0,0,0,"Fire Crystal, Water Crystal, Earth Crystal, Wind Crystal, Mythril",0,5,5,1,0,Medium,-1,,
Final Fantasy I,,final_fantasy,Fictional/Low Diversity,Low diversity real minerals,False,0,0,0,0,0,0,0,0,0,0,0,0,0,0,0,0,0,"Fire Crystal, Water Crystal, Earth Crystal, Wind Crystal, Mythril",0,5,5,1,0,Medium,-1,,
Final Fantasy II,,final_fantasy,Fictional/Low Diversity,Low diversity real minerals,False,0,0,0,0,0,0,0,0,0,0,0,0,0,0,0,0,0,"Fire Crystal, Water Crystal, Earth Crystal, Wind Crystal, Mythril",0,5,5,1,0,Medium,-1,,
Final Fantasy III,,final_fantasy,Fictional/Low Diversity,Low diversity real minerals,False,0,0,0,0,0,0,0,0,0,0,0,0,0,0,0,0,0,"Fire Crystal, Water Crystal, Earth Crystal, Wind Crystal, Mythril",0,5,5,1,0,Medium,-1,,
Final Fantasy IV,,final_fantasy,Fictional/Low Diversity,Low diversity real minerals,False,0,0,0,0,0,0,0,0,0,0,0,0,0,0,0,0,0,"Fire Crystal, Water Crystal, Earth Crystal, Wind Crystal, Mythril",0,5,5,1,0,Medium,-1,,
Final Fantasy IX,,final_fantasy,Fictional/Low Diversity,Low diversity real minerals,False,0,0,0,0,0,0,0,0,0,0,0,0,0,0,0,0,0,"Fire Crystal, Water Crystal, Earth Crystal, Wind Crystal, Mythril",0,5,5,1,0,Medium,-1,,
Final Fantasy Tactics,,final_fantasy,Fictional/Low Diversity,Low diversity real minerals,False,0,0,0,0,0,0,0,0,0,0,0,0,0,0,0,0,0,"Fire Crystal, Water Crystal, Earth Crystal, Wind Crystal, Mythril",0,5,5,1,0,Medium,-1,,
Final Fantasy Tactics Advance,,final_fantasy,Fictional/Low Diversity,Low diversity real minerals,False,0,0,0,0,0,0,0,0,0,0,0,0,0,0,0,0,0,"Fire Crystal, Water Crystal, Earth Crystal, Wind Crystal, Mythril",0,5,5,1,0,Medium,-1,,
Final Fantasy Type-0,,final_fantasy,Fictional/Low Diversity,Low diversity real minerals,False,0,0,0,0,0,0,0,0,0,0,0,0,0,0,0,0,0,"Fire Crystal, Water Crystal, Earth Crystal, Wind Crystal, Mythril",0,5,5,1,0,Medium,-1,,
Final Fantasy V,,final_fantasy,Fictional/Low Diversity,Low diversity real minerals,False,0,0,0,0,0,0,0,0,0,0,0,0,0,0,0,0,0,"Fire Crystal, Water Crystal, Earth Crystal, Wind Crystal, Mythril",0,5,5,1,0,Medium,-1,,
Final Fantasy VI,,final_fantasy,Fictional/Low Diversity,Low diversity real minerals,False,0,0,0,0,0,0,0,0,0,0,0,0,0,0,0,0,0,"Fire Crystal, Water Crystal, Earth Crystal, Wind Crystal, Mythril",0,5,5,1,0,Medium,-1,,
Final Fantasy VII,,final_fantasy,Fictional/Low Diversity,Low diversity real minerals,False,0,0,0,0,0,0,0,0,0,0,0,0,0,0,0,0,0,"Materia, Mythril, Adamantite",0,3,3,1,0,Low,-1,,
Final Fantasy VII Rebirth,,final_fantasy,Fictional/Low Diversity,Low diversity real minerals,False,0,0,0,0,0,0,0,0,0,0,0,0,0,0,0,0,0,"Materia, Mythril, Adamantite",0,3,3,1,0,Low,-1,,
Final Fantasy VII Remake,,final_fantasy,Fictional/Low Diversity,Low diversity real minerals,False,0,0,0,0,0,0,0,0,0,0,0,0,0,0,0,0,0,"Materia, Mythril, Adamantite",0,3,3,1,0,Low,-1,,
Final Fantasy VIII,,final_fantasy,Fictional/Low Diversity,Low diversity real minerals,False,0,0,0,0,0,0,0,0,0,0,0,0,0,0,0,0,0,"Materia, Mythril, Adamantite",0,3,3,1,0,Low,-1,,
Final Fantasy X,,final_fantasy,Fictional/Low Diversity,Low diversity real minerals,False,0,0,0,0,0,0,0,0,0,0,0,0,0,0,0,0,0,"Fire Crystal, Water Crystal, Earth Crystal, Wind Crystal, Mythril",0,5,5,1,0,Medium,-1,,
Final Fantasy X-2,,final_fantasy,Fictional/Low Diversity,Low diversity real minerals,False,0,0,0,0,0,0,0,0,0,0,0,0,0,0,0,0,0,"Fire Crystal, Water Crystal, Earth Crystal, Wind Crystal, Mythril",0,5,5,1,0,Medium,-1,,
Final Fantasy XI,,final_fantasy,Fictional/Low Diversity,Low diversity real minerals,False,0,0,0,0,0,0,0,0,0,0,0,0,0,0,0,0,0,"Fire Crystal, Water Crystal, Earth Crystal, Wind Crystal, Mythril",0,5,5,1,0,Medium,-1,,
Final Fantasy XII,,final_fantasy,Fictional/Low Diversity,Low diversity real minerals,False,0,0,0,0,0,0,0,0,0,0,0,0,0,0,0,0,0,"Fire Crystal, Water Crystal, Earth Crystal, Wind Crystal, Mythril",0,5,5,1,0,Medium,-1,,
Final Fantasy XII: The Zodiac Age,,phase1_rpg_crafting,Fictional/Low Diversity,Low diversity real minerals,False,0,0,0,0,0,0,0,0,0,0,0,0,0,0,0,0,0,"Iron, Copper, Gold, Stones",0,4,4,1,0,Low,-1,,
Final Fantasy XIII,,final_fantasy,Fictional/Low Diversity,Low diversity real minerals,False,0,0,0,0,0,0,0,0,0,0,0,0,0,0,0,0,0,"Fire Crystal, Water Crystal, Earth Crystal, Wind Crystal, Mythril",0,5,5,1,0,Medium,-1,,
Final Fantasy XIII-2,,final_fantasy,Fictional/Low Diversity,Low diversity real minerals,False,0,0,0,0,0,0,0,0,0,0,0,0,0,0,0,0,0,"Fire Crystal, Water Crystal, Earth Crystal, Wind Crystal, Mythril",0,5,5,1,0,Medium,-1,,
Final Fantasy XIV,2010.0,MMORPG,D/R/S/E Cultural Default,,True,4,0,1,1,1,0,1,1,1,1,1,1,1,1,1,1,1,"Cinnabar, Electrum, Chrysolite, Triphane, Spinel, Azurite, Lazurite, Star Sapphire, Lapis",14,9,23,1,23,High,2,8.902608691056136,6.07135486412438
Final Fantasy XIV,2010.0,MMORPG,D/R/S/E Cultural Default,,True,4,0,1,1,1,0,1,1,1,1,1,1,1,1,1,1,0,"Darksteel, adamantite, cobalt, mythril, electrum, darksteel nugget",13,6,19,1,19,High,2,8.902608691056136,6.07135486412438
Final Fantasy XV,,final_fantasy,Fictional/Low Diversity,Low diversity real minerals,False,0,0,0,0,0,0,0,0,0,0,0,0,0,0,0,0,0,"Fire Crystal, Water Crystal, Earth Crystal, Wind Crystal, Mythril",0,5,5,1,0,Medium,-1,,
Final Fantasy XVI,,final_fantasy,Fictional/Low Diversity,Low diversity real minerals,False,0,0,0,0,0,0,0,0,0,0,0,0,0,0,0,0,0,"Fire Crystal, Water Crystal, Earth Crystal, Wind Crystal, Mythril",0,5,5,1,0,Medium,-1,,
Forager,2019.0,Idle Crafting,D/R/S/E Cultural Default,,True,3,0,0,1,0,0,1,0,1,1,0,0,1,0,0,0,0,"Coal, iron, gold, crystals (various colors), gems (generic)",5,5,10,1,10,Medium,1,1.582382835374876,-2.141596965192516
Free Realms,,mmo_mmorpg,Fictional/Low Diversity,Low diversity real minerals,False,0,0,0,0,0,0,0,0,0,0,0,0,0,0,0,0,0,"Iron, Copper, Gold, Stones",0,4,4,1,0,Low,-1,,
Frostpunk,2018.0,City Builder,Fictional/Low Diversity,Low diversity real minerals,False,0,0,0,0,0,0,0,0,0,0,0,0,0,0,0,0,0,"Coal, steel, wood",0,3,3,1,3,Low,0,-1.873419262523061,0.332662948788032
Frostpunk 2,,strategy_4x_rts,Fictional/Low Diversity,Low diversity real minerals,False,0,0,0,0,0,0,0,0,0,0,0,0,0,0,0,0,0,"Coal, Iron, Steam Cores",0,3,3,1,3,Low,-1,,
Galactic Civilizations II,,strategy_4x_rts,Fictional/Low Diversity,Low diversity real minerals,False,0,0,0,0,0,0,0,0,0,0,0,0,0,0,0,0,0,"Gold, Stone, Iron",0,3,3,1,3,Low,-1,,
Galactic Civilizations III,,strategy_4x_rts,Fictional/Low Diversity,Low diversity real minerals,False,0,0,0,0,0,0,0,0,0,0,0,0,0,0,0,0,0,"Gold, Stone, Iron",0,3,3,1,3,Low,-1,,
Galactic Civilizations IV,,strategy_4x_rts,Fictional/Low Diversity,Low diversity real minerals,False,0,0,0,0,0,0,0,0,0,0,0,0,0,0,0,0,0,"Gold, Stone, Iron",0,3,3,1,3,Low,-1,,
Graveyard Keeper,,farming_sims,D/R/S/E Cultural Default,,True,1,0,0,0,0,0,0,0,1,0,0,0,0,0,0,0,0,"Iron, Coal, Silver, Gold, Graphite",1,5,6,1,0,Medium,-1,,
Greed Fall,,phase1_rpg_crafting,Fictional/Low Diversity,Low diversity real minerals,False,0,0,0,0,0,0,0,0,0,0,0,0,0,0,0,0,0,"Iron, Copper, Gold, Stones",0,4,4,1,0,Low,-1,,
Grim Dawn,,loot_arpg,D/R/S/E Cultural Default,,True,4,0,0,1,0,0,1,0,1,1,1,0,1,0,0,0,0,Standard ARPG gem set,6,1,7,1,7,Medium,-1,,
Guild Wars 2,2012.0,MMORPG,True Mineralogical Diversity,,False,0,0,0,0,0,0,0,0,0,0,0,0,0,0,0,0,0,"Mithril, orichalcum, platinum, gold, silver, copper, iron, bloodstone",0,8,8,1,8,Medium,0,-1.7329308026685015,0.6123453903976123
Hades,,roguelikes,Fictional/Low Diversity,Low diversity real minerals,False,0,0,0,0,0,0,0,0,0,0,0,0,0,0,0,0,0,"Gold, Gems, Iron, Stone",0,4,4,1,0,Low,-1,,
Hades 2,,roguelikes,Fictional/Low Diversity,Low diversity real minerals,False,0,0,0,0,0,0,0,0,0,0,0,0,0,0,0,0,0,"Gold, Gems, Iron, Stone",0,4,4,1,0,Low,-1,,
Harvest Moon: Friends of Mineral Town,,farming_sims,D/R/S/E Cultural Default,,True,4,0,1,1,0,0,1,0,1,1,1,0,1,0,0,1,0,"Copper, Silver, Gold, Mystrile, Adamantite, Orichalcum, Mythic Stone",8,7,15,1,0,High,-1,,
Haven and Hearth,,mmo_mmorpg,Fictional/Low Diversity,Low diversity real minerals,False,0,0,0,0,0,0,0,0,0,0,0,0,0,0,0,0,0,"Iron, Copper, Gold, Stones",0,4,4,1,0,Low,-1,,
Hearts of Iron IV,,strategy_4x_rts,Fictional/Low Diversity,Low diversity real minerals,False,0,0,0,0,0,0,0,0,0,0,0,0,0,0,0,0,0,"Gold, Stone, Iron",0,3,3,1,3,Low,-1,,
Hyrule Warriors,,zelda,Fictional/Low Diversity,Low diversity real minerals,False,0,0,0,0,0,0,0,0,0,0,0,0,0,0,0,0,0,"Ore, Amber, Rupees",0,3,3,1,0,Low,-1,,
Hyrule Warriors: Age of Calamity,,zelda,Fictional/Low Diversity,Low diversity real minerals,False,0,0,0,0,0,0,0,0,0,0,0,0,0,0,0,0,0,"Ore, Amber, Rupees",0,3,3,1,0,Low,-1,,
Into the Breach,,roguelikes,Fictional/Low Diversity,Low diversity real minerals,False,0,0,0,0,0,0,0,0,0,0,0,0,0,0,0,0,0,"Gold, Gems, Iron, Stone",0,4,4,1,0,Low,-1,,
Kingdoms of Amalur,,phase1_rpg_crafting,Fictional/Low Diversity,Low diversity real minerals,False,0,0,0,0,0,0,0,0,0,0,0,0,0,0,0,0,0,"Iron, Steel, Azurite, Sylvanite, Prismere",0,5,5,1,0,Medium,-1,,
Legend of Mana,1999.0,Action RPG,D/R/S/E Cultural Default,,True,4,0,0,1,0,0,1,0,1,1,1,1,0,0,0,0,0,"Sword orbs, dream stones, magic stones, ores",6,4,10,1,10,Medium,1,2.170207154103073,-2.218791453409807
Life is Feudal,,mmo_mmorpg,Fictional/Low Diversity,Low diversity real minerals,False,0,0,0,0,0,0,0,0,0,0,0,0,0,0,0,0,0,"Iron, Copper, Gold, Stones",0,4,4,1,0,Low,-1,,
Lightning Returns: Final Fantasy XIII,,final_fantasy,Fictional/Low Diversity,Low diversity real minerals,False,0,0,0,0,0,0,0,0,0,0,0,0,0,0,0,0,0,"Fire Crystal, Water Crystal, Earth Crystal, Wind Crystal, Mythril",0,5,5,1,0,Medium,-1,,
Lord of the Rings Online,2007.0,MMORPG,True Mineralogical Diversity,,False,0,0,0,0,0,0,0,0,0,0,0,0,0,0,0,0,0,"Mithril, adamant, gold, silver, copper, tin, iron",0,7,7,1,7,Medium,0,-1.7374878093260793,0.5779032041551542
Lost Odyssey,,phase1_rpg_crafting,Fictional/Low Diversity,Low diversity real minerals,False,0,0,0,0,0,0,0,0,0,0,0,0,0,0,0,0,0,"Iron, Copper, Gold, Stones",0,4,4,1,0,Low,-1,,
Lost in Random,,roguelikes,Fictional/Low Diversity,Low diversity real minerals,False,0,0,0,0,0,0,0,0,0,0,0,0,0,0,0,0,0,"Gold, Gems, Iron, Stone",0,4,4,1,0,Low,-1,,
Mana Khemia 2: Fall of Alchemy,,atelier,D/R/S/E Cultural Default,,True,4,1,0,1,0,0,1,0,1,1,1,0,0,0,0,0,0,Standard Atelier crystal set,6,1,7,1,7,Medium,-1,,
Mana Khemia: Alchemists of Al-Revis,,atelier,D/R/S/E Cultural Default,,True,4,1,0,1,0,0,1,0,1,1,1,0,0,0,0,0,0,Standard Atelier crystal set,6,1,7,1,7,Medium,-1,,
Manor Lords,,strategy_4x_rts,Fictional/Low Diversity,Low diversity real minerals,False,0,0,0,0,0,0,0,0,0,0,0,0,0,0,0,0,0,"Gold, Stone, Iron",0,3,3,1,3,Low,-1,,
Master of Orion,,strategy_4x_rts,Fictional/Low Diversity,Low diversity real minerals,False,0,0,0,0,0,0,0,0,0,0,0,0,0,0,0,0,0,"Gold, Stone, Iron",0,3,3,1,3,Low,-1,,
Master of Orion 2,,strategy_4x_rts,Fictional/Low Diversity,Fictional minerals only,False,0,0,0,0,0,0,0,0,0,0,0,0,0,0,0,0,0,"Adamantium, Neutronium, Xentronium",0,3,3,0,3,Low,-1,,
Master of Orion 3,,strategy_4x_rts,Fictional/Low Diversity,Low diversity real minerals,False,0,0,0,0,0,0,0,0,0,0,0,0,0,0,0,0,0,"Gold, Stone, Iron",0,3,3,1,3,Low,-1,,
Metaphor: ReFantazio,,phase1_rpg_crafting,Fictional/Low Diversity,Low diversity real minerals,False,0,0,0,0,0,0,0,0,0,0,0,0,0,0,0,0,0,"Iron, Copper, Gold, Stones",0,4,4,1,0,Low,-1,,
Minecraft Dungeons,,loot_arpg,D/R/S/E Cultural Default,,True,4,0,0,1,0,0,1,0,1,1,1,0,1,0,0,0,0,Standard ARPG gem set,6,1,7,1,7,Medium,-1,,
Monster Hunter,,monster_hunter,Fictional/Low Diversity,Fictional minerals only,False,0,0,0,0,0,0,0,0,0,0,0,0,0,0,0,0,0,,0,1,1,0,1,Low,-1,,
Monster Hunter 3 Ultimate,,monster_hunter,Fictional/Low Diversity,Fictional minerals only,False,0,0,0,0,0,0,0,0,0,0,0,0,0,0,0,0,0,,0,1,1,0,1,Low,-1,,
Monster Hunter 4 Ultimate,,monster_hunter,True Mineralogical Diversity,,False,0,0,0,0,0,0,0,0,0,0,0,1,0,0,0,0,1,"Earth Crystal, Carbalite, Eltalite, Mellanje, Ruststone, Skyblade Gem, Zenith Wyvern Gem, Lapis Lazuli",2,8,10,1,10,Medium,-1,,
Monster Hunter Freedom,,monster_hunter,Fictional/Low Diversity,Fictional minerals only,False,0,0,0,0,0,0,0,0,0,0,0,0,0,0,0,0,0,,0,1,1,0,1,Low,-1,,
Monster Hunter Freedom 2,,monster_hunter,Fictional/Low Diversity,Fictional minerals only,False,0,0,0,0,0,0,0,0,0,0,0,0,0,0,0,0,0,,0,1,1,0,1,Low,-1,,
Monster Hunter Freedom Unite,,monster_hunter,Fictional/Low Diversity,Fictional minerals only,False,0,0,0,0,0,0,0,0,0,0,0,0,0,0,0,0,0,,0,1,1,0,1,Low,-1,,
Monster Hunter Generations,,monster_hunter,D/R/S/E Cultural Default,,True,2,0,0,0,0,0,0,0,0,1,1,0,0,0,0,0,0,"Machalite, Dragonite, Lightcrystal, Firestone, Firecell Stone, Bismuth Stone, Wyvern Gem",2,7,9,1,9,Medium,-1,,
Monster Hunter Generations Ultimate,,monster_hunter,Fictional/Low Diversity,Fictional minerals only,False,0,0,0,0,0,0,0,0,0,0,0,0,0,0,0,0,0,,0,1,1,0,1,Low,-1,,
Monster Hunter Now,,monster_hunter,Fictional/Low Diversity,Fictional minerals only,False,0,0,0,0,0,0,0,0,0,0,0,0,0,0,0,0,0,,0,1,1,0,1,Low,-1,,
Monster Hunter Portable 3rd,,monster_hunter,Fictional/Low Diversity,Fictional minerals only,False,0,0,0,0,0,0,0,0,0,0,0,0,0,0,0,0,0,,0,1,1,0,1,Low,-1,,
Monster Hunter Rise,,monster_hunter,D/R/S/E Cultural Default,,True,2,0,0,0,0,0,0,0,0,1,1,0,0,0,0,1,0,"Machalite, Dragonite, Icium, Gracium, Firecell Stone, Bird Wyvern Gem, Bloodrun Jewel, Lazurite, Beast Gem",3,9,12,1,12,High,-1,,
Monster Hunter Rise: Sunbreak,,monster_hunter,Fictional/Low Diversity,Fictional minerals only,False,0,0,0,0,0,0,0,0,0,0,0,0,0,0,0,0,0,,0,1,1,0,1,Low,-1,,
Monster Hunter Stories,,monster_hunter,D/R/S/E Cultural Default,,True,3,0,0,0,0,0,1,0,0,1,1,0,0,0,0,0,0,"Kinship Stone, Monster Eggs, Iron Ore, Silver Ore, Gold Ore, various monster gems",3,6,9,1,9,Medium,-1,,
Monster Hunter Stories 2: Wings of Ruin,,monster_hunter,Fictional/Low Diversity,Fictional minerals only,False,0,0,0,0,0,0,0,0,0,0,0,0,0,0,0,0,0,,0,1,1,0,1,Low,-1,,
Monster Hunter Wilds,,monster_hunter,True Mineralogical Diversity,,False,0,0,1,0,0,0,0,0,0,0,0,0,0,0,0,0,0,"Genesis Opal, Scarlet Amber, Thundering Fulgurite, Icium, Novacrystal, Firecell Stone, Machalite",1,7,8,1,8,Medium,-1,,
Monster Hunter: World,,monster_hunter,D/R/S/E Cultural Default,,True,1,0,0,1,0,0,0,1,1,0,0,0,0,0,0,0,0,"Iron Ore, Machalite, Dragonite, Lightcrystal, Fucium, Firecell Stone, Novacrystal, Wyvern Gem, Spiritvein Gem, Coral Crystal",3,10,13,1,13,High,-1,,
Monster Hunter: World Iceborne,,monster_hunter,Fictional/Low Diversity,Fictional minerals only,False,0,0,0,0,0,0,0,0,0,0,0,0,0,0,0,0,0,,0,1,1,0,1,Low,-1,,
Monster Sanctuary,,phase1_rpg_crafting,Fictional/Low Diversity,Low diversity real minerals,False,0,0,0,0,0,0,0,0,0,0,0,0,0,0,0,0,0,"Iron, Copper, Gold, Stones",0,4,4,1,0,Low,-1,,
My Time At Portia,,mining_survival,D/R/S/E Cultural Default,,True,3,0,0,0,0,0,0,0,1,1,1,0,1,0,0,0,0,"Copper, Iron, Manganese, Lead, Magnesium, Aluminum",4,6,10,1,0,Medium,-1,,
New World,,mmo_mmorpg,D/R/S/E Cultural Default,,True,4,1,1,1,1,1,1,1,1,1,1,0,1,1,0,1,0,"Iron, Silver, Oil, Platinum, Starmetal, Orichalcum",13,6,19,1,0,High,-1,,
Nioh,2017.0,Action RPG,Fictional/Low Diversity,Low diversity real minerals,False,0,0,0,1,0,0,0,0,0,0,0,0,0,0,0,0,0,"Amrita (crystallized souls), smithing materials",1,2,3,1,3,Low,0,-1.259347605440868,-0.3059088879895892
Nioh 2,2020.0,Action RPG,Fictional/Low Diversity,Low diversity real minerals,False,0,0,0,1,0,0,0,0,0,0,0,0,0,0,0,0,0,"Soul cores, amrita, smithing stones",1,3,4,1,4,Low,0,-1.25479059878329,-0.2714667017471311
No Man's Sky,2016.0,Space Exploration,Fictional/Low Diversity,Fictional minerals only,False,0,0,0,0,0,0,0,0,0,0,0,0,0,0,0,0,0,"Ferrite, Cobalt, Gold, Silver, Platinum, Activated Copper",0,6,6,0,6,Medium,0,-1.6898339260541009,0.7425398267243092
Northgard,,strategy_4x_rts,Fictional/Low Diversity,Low diversity real minerals,False,0,0,0,0,0,0,0,0,0,0,0,0,0,0,0,0,0,"Iron, Stone",0,2,2,1,2,Low,-1,,
Nuclear Throne,,roguelikes,Fictional/Low Diversity,Low diversity real minerals,False,0,0,0,0,0,0,0,0,0,0,0,0,0,0,0,0,0,"Gold, Gems, Iron, Stone",0,4,4,1,0,Low,-1,,
Octopath Traveler,2018.0,JRPG,D/R/S/E Cultural Default,,True,4,0,0,1,0,0,1,1,1,1,1,1,1,1,0,1,0,"Soulstones (various types), elemental stones",10,2,12,1,12,High,1,5.60596396013788,0.9794820955087564
Old School RuneScape,,mmo_mmorpg,D/R/S/E Cultural Default,,True,4,0,1,0,0,0,1,0,1,1,1,0,0,0,0,1,0,"Red Topaz, Dragonstone, Onyx, Zenyte, Copper, Tin, Iron, Coal, Mithril, Adamantite, Runite",6,11,17,1,0,High,-1,,
Outriders,,borderlands_looter_shooters,Fictional/Low Diversity,Low diversity real minerals,False,0,0,0,0,0,0,0,0,0,0,0,0,0,0,0,0,0,"Iron, Titanium, Anomaly Shards",0,3,3,1,0,Low,-1,,
Palia,,farming_sims,D/R/S/E Cultural Default,,True,3,1,0,1,1,1,1,1,0,1,1,0,0,1,0,0,0,"Copper, Iron, Palium, Silver, Gold",9,5,14,1,0,High,-1,,
Path of Exile,2013.0,Action RPG,Fictional/Low Diversity,Fictional minerals only,False,0,0,0,0,0,0,0,0,0,0,0,0,0,0,0,0,0,"Skill gems (red/green/blue/white), currency items, essence crystals",0,3,3,0,3,Low,0,-1.9322709758063965,0.2789271935893871
Path of Exile 2,,loot_arpg,D/R/S/E Cultural Default,,True,4,0,0,1,0,0,1,0,1,1,1,0,1,0,0,0,0,Standard ARPG gem set,6,1,7,1,7,Medium,-1,,
Pokemon Black 2/White 2,,pokemon,True Mineralogical Diversity,,False,0,0,0,0,0,0,0,0,0,0,0,0,0,0,1,0,0,"Moonstone, Fire Stone, Water Stone, Thunder Stone, Leaf Stone, Ice Stone, Dusk Stone, Shiny Stone, Dawn Stone, Everstone, Hard Stone, Oval Stone, King's Rock",1,13,14,1,14,High,-1,,
Pokemon Black/White,,pokemon,True Mineralogical Diversity,,False,0,0,0,0,0,0,0,0,0,0,0,0,0,0,1,0,0,"Moonstone, Fire Stone, Water Stone, Thunder Stone, Leaf Stone, Ice Stone, Dusk Stone, Shiny Stone, Dawn Stone, Everstone, Hard Stone, Oval Stone, King's Rock",1,13,14,1,14,High,-1,,
Pokemon Brilliant Diamond/Shining Pearl,,pokemon,True Mineralogical Diversity,,False,0,0,0,0,0,0,0,0,0,0,0,0,0,0,1,0,0,"Moonstone, Fire Stone, Water Stone, Thunder Stone, Leaf Stone, Ice Stone, Dusk Stone, Shiny Stone, Dawn Stone, Everstone, Hard Stone, Oval Stone, King's Rock",1,13,14,1,14,High,-1,,
Pokemon Diamond/Pearl/Platinum,,pokemon,True Mineralogical Diversity,,False,0,0,0,0,0,0,0,0,0,0,0,0,0,0,1,0,0,"Moonstone, Fire Stone, Water Stone, Thunder Stone, Leaf Stone, Ice Stone, Dusk Stone, Shiny Stone, Dawn Stone, Everstone, Hard Stone, Oval Stone, King's Rock",1,13,14,1,14,High,-1,,
Pokemon FireRed/LeafGreen,,pokemon,True Mineralogical Diversity,,False,0,0,0,0,0,0,0,0,0,0,0,0,0,0,1,0,0,"Moonstone, Fire Stone, Water Stone, Thunder Stone, Leaf Stone, Ice Stone, Dusk Stone, Shiny Stone, Dawn Stone, Everstone, Hard Stone, Oval Stone, King's Rock",1,13,14,1,14,High,-1,,
Pokemon Gold/Silver/Crystal,,pokemon,True Mineralogical Diversity,,False,0,0,0,0,0,0,0,0,0,0,0,0,0,0,1,0,0,"Moonstone, Fire Stone, Water Stone, Thunder Stone, Leaf Stone, Ice Stone, Dusk Stone, Shiny Stone, Dawn Stone, Everstone, Hard Stone, Oval Stone, King's Rock",1,13,14,1,14,High,-1,,
Pokemon HeartGold/SoulSilver,,pokemon,True Mineralogical Diversity,,False,0,0,0,0,0,0,0,0,0,0,0,0,0,0,1,0,0,"Moonstone, Fire Stone, Water Stone, Thunder Stone, Leaf Stone, Ice Stone, Dusk Stone, Shiny Stone, Dawn Stone, Everstone, Hard Stone, Oval Stone, King's Rock",1,13,14,1,14,High,-1,,
Pokemon Legends: Arceus,,pokemon,True Mineralogical Diversity,,False,0,0,0,0,0,0,0,0,0,0,0,0,0,0,1,0,0,"Moonstone, Fire Stone, Water Stone, Thunder Stone, Leaf Stone, Ice Stone, Dusk Stone, Shiny Stone, Dawn Stone, Everstone, Hard Stone, Oval Stone, King's Rock",1,13,14,1,14,High,-1,,
Pokemon Let's Go Pikachu/Eevee,,pokemon,True Mineralogical Diversity,,False,0,0,0,0,0,0,0,0,0,0,0,0,0,0,1,0,0,"Moonstone, Fire Stone, Water Stone, Thunder Stone, Leaf Stone, Ice Stone, Dusk Stone, Shiny Stone, Dawn Stone, Everstone, Hard Stone, Oval Stone, King's Rock",1,13,14,1,14,High,-1,,
Pokemon Mystery Dungeon series,,pokemon,True Mineralogical Diversity,,False,0,0,0,0,0,0,0,0,0,0,0,0,0,0,1,0,0,"Moonstone, Fire Stone, Water Stone, Thunder Stone, Leaf Stone, Ice Stone, Dusk Stone, Shiny Stone, Dawn Stone, Everstone, Hard Stone, Oval Stone, King's Rock",1,13,14,1,14,High,-1,,
Pokemon Omega Ruby/Alpha Sapphire,,pokemon,True Mineralogical Diversity,,False,0,0,0,0,0,0,0,0,0,0,0,0,0,0,1,0,0,"Moonstone, Fire Stone, Water Stone, Thunder Stone, Leaf Stone, Ice Stone, Dusk Stone, Shiny Stone, Dawn Stone, Everstone, Hard Stone, Oval Stone, King's Rock",1,13,14,1,14,High,-1,,
Pokemon Ranger series,,pokemon,True Mineralogical Diversity,,False,0,0,0,0,0,0,0,0,0,0,0,0,0,0,1,0,0,"Moonstone, Fire Stone, Water Stone, Thunder Stone, Leaf Stone, Ice Stone, Dusk Stone, Shiny Stone, Dawn Stone, Everstone, Hard Stone, Oval Stone, King's Rock",1,13,14,1,14,High,-1,,
Pokemon Red/Blue/Yellow,,pokemon,True Mineralogical Diversity,,False,0,0,0,0,0,0,0,0,0,0,0,0,0,0,1,0,0,"Moonstone, Fire Stone, Water Stone, Thunder Stone, Leaf Stone, Ice Stone, Dusk Stone, Shiny Stone, Dawn Stone, Everstone, Hard Stone, Oval Stone, King's Rock",1,13,14,1,14,High,-1,,
Pokemon Ruby/Sapphire/Emerald,,pokemon,True Mineralogical Diversity,,False,0,0,0,0,0,0,0,0,0,0,0,0,0,0,1,0,0,"Moonstone, Fire Stone, Water Stone, Thunder Stone, Leaf Stone, Ice Stone, Dusk Stone, Shiny Stone, Dawn Stone, Everstone, Hard Stone, Oval Stone, King's Rock",1,13,14,1,14,High,-1,,
Pokemon Scarlet/Violet,,pokemon,True Mineralogical Diversity,,False,0,0,0,0,0,0,0,0,0,0,0,0,0,0,1,0,0,"Moonstone, Fire Stone, Water Stone, Thunder Stone, Leaf Stone, Ice Stone, Dusk Stone, Shiny Stone, Dawn Stone, Everstone, Hard Stone, Oval Stone, King's Rock",1,13,14,1,14,High,-1,,
Pokemon Sun/Moon,,pokemon,True Mineralogical Diversity,,False,0,0,0,0,0,0,0,0,0,0,0,0,0,0,1,0,0,"Moonstone, Fire Stone, Water Stone, Thunder Stone, Leaf Stone, Ice Stone, Dusk Stone, Shiny Stone, Dawn Stone, Everstone, Hard Stone, Oval Stone, King's Rock",1,13,14,1,14,High,-1,,
Pokemon Sword/Shield,,pokemon,True Mineralogical Diversity,,False,0,0,0,0,0,0,0,0,0,0,0,0,0,0,1,0,0,"Moonstone, Fire Stone, Water Stone, Thunder Stone, Leaf Stone, Ice Stone, Dusk Stone, Shiny Stone, Dawn Stone, Everstone, Hard Stone, Oval Stone, King's Rock",1,13,14,1,14,High,-1,,
Pokemon Ultra Sun/Ultra Moon,,pokemon,True Mineralogical Diversity,,False,0,0,0,0,0,0,0,0,0,0,0,0,0,0,1,0,0,"Moonstone, Fire Stone, Water Stone, Thunder Stone, Leaf Stone, Ice Stone, Dusk Stone, Shiny Stone, Dawn Stone, Everstone, Hard Stone, Oval Stone, King's Rock",1,13,14,1,14,High,-1,,
Pokemon X/Y,,pokemon,True Mineralogical Diversity,,False,0,0,0,0,0,0,0,0,0,0,0,0,0,0,1,0,0,"Moonstone, Fire Stone, Water Stone, Thunder Stone, Leaf Stone, Ice Stone, Dusk Stone, Shiny Stone, Dawn Stone, Everstone, Hard Stone, Oval Stone, King's Rock",1,13,14,1,14,High,-1,,
Prey,,phase1_rpg_crafting,Fictional/Low Diversity,Low diversity real minerals,False,0,0,0,0,0,0,0,0,0,0,0,0,0,0,0,0,0,"Iron, Copper, Gold, Stones",0,4,4,1,0,Low,-1,,
Project Zomboid,,mining_survival,Fictional/Low Diversity,Low diversity real minerals,False,0,0,0,0,0,0,0,0,0,0,0,0,0,0,0,0,0,Stone,0,1,1,1,0,Low,-1,,
Quirky Crystal RPG,,phase1_rpg_crafting,Fictional/Low Diversity,Low diversity real minerals,False,0,0,0,0,0,0,0,0,0,0,0,0,0,0,0,0,0,"Iron, Copper, Gold, Stones",0,4,4,1,0,Low,-1,,
Risk of Rain,,roguelikes,Fictional/Low Diversity,Low diversity real minerals,False,0,0,0,0,0,0,0,0,0,0,0,0,0,0,0,0,0,"Gold, Gems, Iron, Stone",0,4,4,1,0,Low,-1,,
Risk of Rain 2,,roguelikes,Fictional/Low Diversity,Low diversity real minerals,False,0,0,0,0,0,0,0,0,0,0,0,0,0,0,0,0,0,"Gold, Gems, Iron, Stone",0,4,4,1,0,Low,-1,,
Rogue Legacy,,roguelikes,Fictional/Low Diversity,Low diversity real minerals,False,0,0,0,0,0,0,0,0,0,0,0,0,0,0,0,0,0,"Gold, Gems, Iron, Stone",0,4,4,1,0,Low,-1,,
Rogue Legacy 2,,roguelikes,Fictional/Low Diversity,Low diversity real minerals,False,0,0,0,0,0,0,0,0,0,0,0,0,0,0,0,0,0,"Gold, Gems, Iron, Stone",0,4,4,1,0,Low,-1,,
Romancing Saga 2: Revenge of the Seven,,phase1_rpg_crafting,Fictional/Low Diversity,Low diversity real minerals,False,0,0,0,0,0,0,0,0,0,0,0,0,0,0,0,0,0,"Iron, Copper, Gold, Stones",0,4,4,1,0,Low,-1,,
RuneScape,,mmo_mmorpg,D/R/S/E Cultural Default,,True,4,0,1,0,0,0,1,0,1,1,1,1,1,0,0,1,1,"Dragonstone, Hydrix, Onyx, Copper, Tin, Iron, Coal, Gold, Mithril, Adamantite, Runite",9,11,20,1,20,High,-1,,
Sacred 2,,loot_arpg,D/R/S/E Cultural Default,,True,4,0,0,1,0,0,1,0,1,1,1,0,1,0,0,0,0,Standard ARPG gem set,6,1,7,1,7,Medium,-1,,
Sins of a Solar Empire,,strategy_4x_rts,Fictional/Low Diversity,Fictional minerals only,False,0,0,0,0,0,0,0,0,0,0,0,0,0,0,0,0,0,"Metal, Crystal",0,2,2,0,2,Low,-1,,
Sins of a Solar Empire 2,,strategy_4x_rts,Fictional/Low Diversity,Fictional minerals only,False,0,0,0,0,0,0,0,0,0,0,0,0,0,0,0,0,0,"Metal, Crystal, Quatere",0,3,3,0,3,Low,-1,,
Sins of a Solar Empire: Rebellion,,strategy_4x_rts,Fictional/Low Diversity,Low diversity real minerals,False,0,0,0,0,0,0,0,0,0,0,0,0,0,0,0,0,0,"Gold, Stone, Iron",0,3,3,1,3,Low,-1,,
Slay the Spire,,roguelikes,Fictional/Low Diversity,Low diversity real minerals,False,0,0,0,0,0,0,0,0,0,0,0,0,0,0,0,0,0,"Gold, Gems, Iron, Stone",0,4,4,1,0,Low,-1,,
Spelunky,,roguelikes,Fictional/Low Diversity,Low diversity real minerals,False,0,0,0,0,0,0,0,0,0,0,0,0,0,0,0,0,0,"Gold, Gems, Iron, Stone",0,4,4,1,0,Low,-1,,
Spelunky 2,,roguelikes,Fictional/Low Diversity,Low diversity real minerals,False,0,0,0,0,0,0,0,0,0,0,0,0,0,0,0,0,0,"Gold, Gems, Iron, Stone",0,4,4,1,0,Low,-1,,
StarCraft,,strategy_4x_rts,Fictional/Low Diversity,Fictional minerals only,False,0,0,0,0,0,0,0,0,0,0,0,0,0,0,0,0,0,"Minerals, Vespene Gas, Khaydarin, Jorium, Terrazine, Solarite",0,6,6,0,6,Medium,-1,,
StarCraft II,,strategy_4x_rts,Fictional/Low Diversity,Fictional minerals only,False,0,0,0,0,0,0,0,0,0,0,0,0,0,0,0,0,0,"Minerals, Vespene Gas, Khaydarin, Jorium, Terrazine, Solarite",0,6,6,0,6,Medium,-1,,
StarCraft: Brood War,,strategy_4x_rts,Fictional/Low Diversity,Fictional minerals only,False,0,0,0,0,0,0,0,0,0,0,0,0,0,0,0,0,0,"Minerals, Vespene Gas",0,2,2,0,2,Low,-1,,
Starbound,,mining_survival,D/R/S/E Cultural Default,,True,1,0,0,0,0,0,0,0,1,0,0,0,0,0,0,0,0,"Coal, Copper, Silver, Gold, Platinum, Solarium, Aegisalt, Ferozium, Violium",1,9,10,1,0,Medium,-1,,
Stardew Valley,2016.0,Farming Sim,D/R/S/E Cultural Default,,True,4,1,1,1,1,1,1,1,1,1,1,0,1,1,0,1,1,"Prismatic Shard, Fire Quartz, Frozen Tear, Earth Crystal, Malachite",14,5,19,1,19,High,2,9.31622566624919,6.280171486256514
Stellaris,2016.0,Grand Strategy,Fictional/Low Diversity,Fictional minerals only,False,0,0,0,0,0,0,0,0,0,0,0,0,0,0,0,0,0,"Minerals, Volatile Motes, Exotic Gases, Rare Crystals, Living Metal, Zro, Dark Matter",0,8,8,0,8,Medium,0,-1.909485942518508,0.4511381248016777
Stellaris,2016.0,Grand Strategy,Fictional/Low Diversity,Fictional minerals only,False,0,0,0,0,0,0,0,0,0,0,0,0,0,0,0,0,0,"Minerals (abstract), rare crystals, volatile motes, exotic gases, living metal, zro, dark matter, nanites (mods add zeolite deposits)",0,8,8,0,8,Medium,0,-1.909485942518508,0.4511381248016777
Story of Seasons: Friends of Mineral Town,,farming_sims,D/R/S/E Cultural Default,,True,4,0,1,1,0,0,1,0,1,1,1,0,1,0,0,1,0,"Copper, Silver, Gold, Mystrile, Adamantite, Orichalcum, Mythic Stone",8,7,15,1,0,High,-1,,
Subnautica,2018.0,Survival,D/R/S/E Cultural Default,,True,2,0,0,0,0,0,0,0,0,1,1,0,0,0,0,0,0,"Lithium, gold, silver, copper, lead, uraninite, kyanite, nickel, magnetite, ion crystals, titanium, quartz",2,12,14,1,14,High,0,-0.2311365134236672,-0.133457526662958
Subnautica: Below Zero,,mining_survival,D/R/S/E Cultural Default,,True,2,1,0,0,0,0,0,0,1,1,0,0,0,0,0,0,0,"Titanium, Copper, Silver, Gold, Lithium, Magnetite, Kyanite",3,7,10,1,0,Medium,-1,,
Supreme Commander,,strategy_4x_rts,Fictional/Low Diversity,Low diversity real minerals,False,0,0,0,0,0,0,0,0,0,0,0,0,0,0,0,0,0,"Gold, Stone, Iron",0,3,3,1,3,Low,-1,,
Supreme Commander: Forged Alliance,,strategy_4x_rts,Fictional/Low Diversity,Low diversity real minerals,False,0,0,0,0,0,0,0,0,0,0,0,0,0,0,0,0,0,"Gold, Stone, Iron",0,3,3,1,3,Low,-1,,
The Binding of Isaac,,roguelikes,Fictional/Low Diversity,Low diversity real minerals,False,0,0,0,0,0,0,0,0,0,0,0,0,0,0,0,0,0,"Gold, Gems, Iron, Stone",0,4,4,1,0,Low,-1,,
The Division,,borderlands_looter_shooters,Fictional/Low Diversity,Low diversity real minerals,False,0,0,0,0,0,0,0,0,0,0,0,0,0,0,0,0,0,"Electronics, Ceramics, Polycarbonate, Titanium (Crafting mats)",0,4,4,1,0,Low,-1,,
The Division 2,2019.0,Looter Shooter,True Mineralogical Diversity,,False,0,0,0,0,0,0,0,0,0,0,0,0,0,0,0,0,0,"Ceramic, electronics, polycarbonate, protective fabric, receiver components, steel, titanium",0,7,7,1,7,Medium,0,-1.8257653792510824,0.4972995713571869
The Eternal Die,,roguelikes,Fictional/Low Diversity,Low diversity real minerals,False,0,0,0,0,0,0,0,0,0,0,0,0,0,0,0,0,0,"Gold, Gems, Iron, Stone",0,4,4,1,0,Low,-1,,
The Legend of Zelda,,zelda,Fictional/Low Diversity,Low diversity real minerals,False,0,0,0,0,0,0,0,0,0,0,0,0,0,0,0,0,0,"Ore, Amber, Rupees",0,3,3,1,0,Low,-1,,
The Legend of Zelda: A Link Between Worlds,,zelda,Fictional/Low Diversity,Low diversity real minerals,False,0,0,0,0,0,0,0,0,0,0,0,0,0,0,0,0,0,"Ore, Amber, Rupees",0,3,3,1,0,Low,-1,,
The Legend of Zelda: A Link to the Past,,zelda,Fictional/Low Diversity,Low diversity real minerals,False,0,0,0,0,0,0,0,0,0,0,0,0,0,0,0,0,0,"Ore, Amber, Rupees",0,3,3,1,0,Low,-1,,
The Legend of Zelda: Breath of the Wild,,zelda,D/R/S/E Cultural Default,,True,3,0,1,0,0,0,0,0,1,1,1,0,1,0,0,0,0,"Amber, Luminous Stone, Flint, Rock Salt",5,4,9,1,0,Medium,-1,,
The Legend of Zelda: Echoes of Wisdom,,zelda,Fictional/Low Diversity,Low diversity real minerals,False,0,0,0,0,0,0,0,0,0,0,0,0,0,0,0,0,0,"Ore, Amber, Rupees",0,3,3,1,0,Low,-1,,
The Legend of Zelda: Four Swords,,zelda,Fictional/Low Diversity,Low diversity real minerals,False,0,0,0,0,0,0,0,0,0,0,0,0,0,0,0,0,0,"Ore, Amber, Rupees",0,3,3,1,0,Low,-1,,
The Legend of Zelda: Four Swords Adventures,,zelda,Fictional/Low Diversity,Low diversity real minerals,False,0,0,0,0,0,0,0,0,0,0,0,0,0,0,0,0,0,"Ore, Amber, Rupees",0,3,3,1,0,Low,-1,,
The Legend of Zelda: Link's Awakening,,zelda,Fictional/Low Diversity,Low diversity real minerals,False,0,0,0,0,0,0,0,0,0,0,0,0,0,0,0,0,0,"Ore, Amber, Rupees",0,3,3,1,0,Low,-1,,
The Legend of Zelda: Majora's Mask,,zelda,Fictional/Low Diversity,Low diversity real minerals,False,0,0,0,0,0,0,0,0,0,0,0,0,0,0,0,0,0,"Ore, Amber, Rupees",0,3,3,1,0,Low,-1,,
The Legend of Zelda: Ocarina of Time,,zelda,Fictional/Low Diversity,Low diversity real minerals,False,0,0,0,0,0,0,0,0,0,0,0,0,0,0,0,0,0,"Ore, Amber, Rupees",0,3,3,1,0,Low,-1,,
The Legend of Zelda: Oracle of Ages,,zelda,Fictional/Low Diversity,Low diversity real minerals,False,0,0,0,0,0,0,0,0,0,0,0,0,0,0,0,0,0,"Ore, Amber, Rupees",0,3,3,1,0,Low,-1,,
The Legend of Zelda: Oracle of Seasons,,zelda,Fictional/Low Diversity,Low diversity real minerals,False,0,0,0,0,0,0,0,0,0,0,0,0,0,0,0,0,0,"Ore, Amber, Rupees",0,3,3,1,0,Low,-1,,
The Legend of Zelda: Phantom Hourglass,,zelda,Fictional/Low Diversity,Low diversity real minerals,False,0,0,0,0,0,0,0,0,0,0,0,0,0,0,0,0,0,"Ore, Amber, Rupees",0,3,3,1,0,Low,-1,,
The Legend of Zelda: Skyward Sword,,zelda,Fictional/Low Diversity,Low diversity real minerals,False,0,0,0,0,0,0,0,0,0,0,0,0,0,0,0,0,0,"Amber Relic, Eldin Ore, Dusk Relic, Goddess Plume",0,4,4,1,0,Low,-1,,
The Legend of Zelda: Spirit Tracks,,zelda,Fictional/Low Diversity,Low diversity real minerals,False,0,0,0,0,0,0,0,0,0,0,0,0,0,0,0,0,0,"Ore, Amber, Rupees",0,3,3,1,0,Low,-1,,
The Legend of Zelda: Tears of the Kingdom,,zelda,D/R/S/E Cultural Default,,True,3,0,1,0,0,0,0,0,1,1,1,0,1,0,0,0,0,"Amber, Luminous Stone, Flint, Rock Salt",5,4,9,1,0,Medium,-1,,
The Legend of Zelda: The Minish Cap,,zelda,Fictional/Low Diversity,Low diversity real minerals,False,0,0,0,0,0,0,0,0,0,0,0,0,0,0,0,0,0,"Ore, Amber, Rupees",0,3,3,1,0,Low,-1,,
The Legend of Zelda: The Wind Waker,,zelda,Fictional/Low Diversity,Low diversity real minerals,False,0,0,0,0,0,0,0,0,0,0,0,0,0,0,0,0,0,"Ore, Amber, Rupees",0,3,3,1,0,Low,-1,,
The Legend of Zelda: Tri Force Heroes,,zelda,Fictional/Low Diversity,Low diversity real minerals,False,0,0,0,0,0,0,0,0,0,0,0,0,0,0,0,0,0,"Ore, Amber, Rupees",0,3,3,1,0,Low,-1,,
The Legend of Zelda: Twilight Princess,,zelda,Fictional/Low Diversity,Low diversity real minerals,False,0,0,0,0,0,0,0,0,0,0,0,0,0,0,0,0,0,"Ore, Amber, Rupees",0,3,3,1,0,Low,-1,,
The Slormancer,,loot_arpg,D/R/S/E Cultural Default,,True,4,0,0,1,0,0,1,0,1,1,1,0,1,0,0,0,0,Standard ARPG gem set,6,1,7,1,7,Medium,-1,,
Tiny Tina's Wonderlands,,borderlands_looter_shooters,Fictional/Low Diversity,Low diversity real minerals,False,0,0,0,0,0,0,0,0,0,0,0,0,0,0,0,0,0,"Moonstone, Eridium, Quartz (as currency)",0,3,3,1,0,Low,-1,,
Titan Quest,,loot_arpg,D/R/S/E Cultural Default,,True,4,0,0,1,0,0,1,0,1,1,1,0,1,0,0,0,0,Standard ARPG gem set,6,1,7,1,7,Medium,-1,,
Torchlight,,loot_arpg,D/R/S/E Cultural Default,,True,4,0,0,1,0,0,1,0,1,1,1,0,1,0,0,0,0,Standard ARPG gem set,6,1,7,1,7,Medium,-1,,
Torchlight II,2012.0,Action RPG,Fictional/Low Diversity,Fictional minerals only,False,0,0,0,0,0,0,0,0,0,0,0,0,0,0,0,0,0,"Ember, socketable gems",0,2,2,0,2,Low,0,-1.936827982463974,0.2444850073469291
Torchlight III,,loot_arpg,D/R/S/E Cultural Default,,True,4,0,0,1,0,0,1,0,1,1,1,0,1,0,0,0,0,Standard ARPG gem set,6,1,7,1,7,Medium,-1,,
Total Annihilation,,strategy_4x_rts,Fictional/Low Diversity,Low diversity real minerals,False,0,0,0,0,0,0,0,0,0,0,0,0,0,0,0,0,0,"Gold, Stone, Iron",0,3,3,1,3,Low,-1,,
Total War: Warhammer,,strategy_4x_rts,D/R/S/E Cultural Default,,True,1,0,0,0,0,0,0,0,1,0,0,0,0,0,0,0,1,"Gold, Iron, Marble, Salt, Warpstone",2,5,7,1,7,Medium,-1,,
Total War: Warhammer II,,strategy_4x_rts,D/R/S/E Cultural Default,,True,1,0,0,0,0,0,0,0,1,0,0,0,0,0,0,0,1,"Gold, Iron, Marble, Salt, Warpstone, Oathgold",2,6,8,1,8,Medium,-1,,
Total War: Warhammer III,,strategy_4x_rts,D/R/S/E Cultural Default,,True,1,0,0,0,0,0,0,0,1,0,0,0,0,0,0,0,1,"Gold, Iron, Marble, Salt, Warpstone, Canopic Jars (Proxy)",2,6,8,1,8,Medium,-1,,
Uncharted Waters Online,,mmo_mmorpg,Fictional/Low Diversity,Low diversity real minerals,False,0,0,0,0,0,0,0,0,0,0,0,0,0,0,0,0,0,"Iron, Copper, Gold, Stones",0,4,4,1,0,Low,-1,,
Valheim,2021.0,Survival,D/R/S/E Cultural Default,,True,1,0,0,0,0,0,0,0,0,1,0,0,0,0,0,1,1,"Amber, Amber Pearl, Ruby, Silver, Crystal, Obsidian, Bloodstone, Iolite, Jade",3,9,12,1,12,High,0,-1.7741276182663854,0.4744792278902733
Vampire Survivors,,roguelikes,Fictional/Low Diversity,Low diversity real minerals,False,0,0,0,0,0,0,0,0,0,0,0,0,0,0,0,0,0,"Gold, Gems, Iron, Stone",0,4,4,1,0,Low,-1,,
Victor Vran,,loot_arpg,D/R/S/E Cultural Default,,True,4,0,0,1,0,0,1,0,1,1,1,0,1,0,0,0,0,Standard ARPG gem set,6,1,7,1,7,Medium,-1,,
Villages and Heroes,,mmo_mmorpg,Fictional/Low Diversity,Low diversity real minerals,False,0,0,0,0,0,0,0,0,0,0,0,0,0,0,0,0,0,"Iron, Copper, Silver, Gold, Tin",0,5,5,1,0,Medium,-1,,
Vivid World,,roguelikes,Fictional/Low Diversity,Low diversity real minerals,False,0,0,0,0,0,0,0,0,0,0,0,0,0,0,0,0,0,"Gold, Gems, Iron, Stone",0,4,4,1,0,Low,-1,,
Wall World,,mining_survival,Fictional/Low Diversity,Low diversity real minerals,False,0,0,0,0,0,0,0,0,0,0,0,0,0,0,0,0,0,"Copper, Iron, Uranium, Emerald (proxy), Diamond (proxy)",0,5,5,1,0,Medium,-1,,
Warcraft III,,strategy_4x_rts,Fictional/Low Diversity,Low diversity real minerals,False,0,0,0,0,0,0,0,0,0,0,0,0,0,0,0,0,0,Gold,0,1,1,1,1,Low,-1,,
Warframe,2013.0,Looter Shooter,Fictional/Low Diversity,Fictional minerals only,False,0,0,0,0,0,0,0,0,0,0,0,0,0,0,0,0,0,"Adramalium, Bapholite, Namalon, Thaumica, Azurite, Crimzian, Devar, Nyth, Sentirum, Veridos, Amarast, Goblite, Noctrul, Phasmin, Thyst, Zodian",0,16,16,0,16,High,0,-1.9185999558336635,0.3822537523167615
Warhammer: Chaosbane,,loot_arpg,D/R/S/E Cultural Default,,True,4,0,0,1,0,0,1,0,1,1,1,0,1,0,0,0,0,Standard ARPG gem set,6,1,7,1,7,Medium,-1,,
World of Warcraft,2004.0,MMORPG,D/R/S/E Cultural Default,,True,4,0,1,1,1,1,1,1,1,1,1,0,1,1,0,1,1,"Malachite, Tigerseye, Shadowgem, Moonstone, Moss Agate, Jade, Citrine, Aquamarine, Ruby, Opal, Sapphire, Emerald, Diamond, Garnet, Topaz",13,15,28,1,28,High,1,4.398765796462819,-0.1779702218350501
Wurm Online,,mmo_mmorpg,D/R/S/E Cultural Default,,True,4,0,1,0,0,0,1,0,1,1,1,0,0,0,0,0,0,"Iron, Copper, Lead, Zinc, Tin, Silver, Gold, Glimmersteel, Adamantine",5,9,14,1,0,High,-1,,
Zelda II: The Adventure of Link,,zelda,Fictional/Low Diversity,Low diversity real minerals,False,0,0,0,0,0,0,0,0,0,0,0,0,0,0,0,0,0,"Ore, Amber, Rupees",0,3,3,1,0,Low,-1,,
